言葉を選ぼう！ナポレオンと辞書づくり体験！,1.png,3,2
早く投げたい！カエサルとサイコロづくり体験！,2.png,2,4
達人に基礎から学ぼう！坂本竜馬と洗濯体験！,3.png,0,8
こんなのデカすぎ！クレオパトラとピラミッドづくり！,4.png,1,6
裁判沙汰にも！？ガリレオと天体観測！,6.png,2,4
なかなか落ちない！ニュートンとりんご狩り体験！,7.png,2,4
反り立つ赤い壁！曹操とボルダリング体験！,9.png,0,8
本能で踊る！明智光秀とファイヤーダンス体験！,10.png,1,6
元祖二刀流！宮本武蔵に学ぶ、野球教室！,13.png,0,8
東南の風にのろう！諸葛孔明とパラグライダー体験！,15.png,2,4
金の卵を探せ！コロンブスと養鶏場見学！,17.png,1,6
みんなに配ろう！マリー・アントワネットとお菓子作り体験！,18.png,0,8
撃って撃って撃ちまくる！信長とサバゲー体験！,20.png,1,6
開国間近？ペリー提督とクルージング体験！,22.png,1,6
最後の晩餐？ダ・ヴィンチと行くそば打ち体験！,25.png,2,4
生を実感！？シェイクスピアとスカイダイビング！,26.png,2,4
一気につくろう！大塩平八郎と稲作体験！,28.png,0,8
進化の波にのろう！ダーウィンとサーフィン体験！,29.png,1,6
おしゃれな聖杯！？アーサー王と吹きガラス体験！,33.png,3,2